2025-05-27 08:43:25; 0; 0; 0; 4.27
2025-05-27 08:43:26; 9264631; 9367192; 7714640; 4.27
2025-05-27 08:43:27; 164563603; 166387666; 137047033; 28.27
2025-05-27 08:43:28; 164546946; 166365133; 137036867; 28.28
2025-05-27 08:43:29; 164536931; 166353157; 137032859; 28.29
2025-05-27 08:43:30; 164535276; 166356799; 137030493; 28.3
2025-05-27 08:43:31; 164530350; 166357431; 137029269; 28.29
2025-05-27 08:43:32; 164527868; 166358532; 137029571; 28.3
2025-05-27 08:43:33; 164532013; 166350313; 137030452; 28.31
2025-05-27 08:43:34; 164535080; 166357808; 137025331; 28.31
2025-05-27 08:43:35; 164527438; 166346485; 137026007; 28.31
2025-05-27 08:43:36; 164524432; 166352433; 137028863; 28.32
2025-05-27 08:43:37; 164521886; 166350315; 137030456; 28.32
2025-05-27 08:43:38; 164516743; 166355407; 137028674; 28.32
2025-05-27 08:43:39; 164517310; 166356844; 137027412; 28.34
2025-05-27 08:43:40; 164521098; 166354569; 137028771; 28.34
2025-05-27 08:43:41; 164517022; 166349157; 137026377; 28.34
2025-05-27 08:43:42; 164511681; 166346967; 137027323; 28.33
2025-05-27 08:43:43; 164507755; 166346975; 137029296; 28.32
2025-05-27 08:43:44; 164508654; 166341344; 137027002; 28.34
2025-05-27 08:43:45; 164509043; 166344071; 137029347; 28.33
2025-05-27 08:43:46; 164504431; 166341921; 137028455; 28.32
2025-05-27 08:43:47; 164500862; 166342508; 137028247; 28.34
2025-05-27 08:43:48; 164500845; 166339053; 137028236; 28.35
2025-05-27 08:43:49; 164500176; 166340650; 137024971; 28.33
2025-05-27 08:43:50; 164499952; 166341725; 137023250; 28.34
2025-05-27 08:43:51; 164495590; 166337767; 137022124; 28.33
2025-05-27 08:43:52; 164496174; 166336420; 137026027; 28.33
2025-05-27 08:43:53; 164500062; 166339657; 137023125; 28.32
2025-05-27 08:43:54; 164493547; 166339717; 137022431; 28.32
2025-05-27 08:43:55; 164490402; 166338869; 137023906; 28.32
2025-05-27 08:43:56; 164485479; 166342759; 137022021; 28.32
2025-05-27 08:43:57; 164479946; 166345007; 137020585; 28.31
2025-05-27 08:43:58; 164476391; 166344827; 137021421; 28.31
2025-05-27 08:43:59; 164474419; 166344932; 137018823; 28.3
2025-05-27 08:44:00; 164475567; 166340886; 137018258; 28.31
2025-05-27 08:44:01; 164476544; 166339368; 137016230; 28.3
2025-05-27 08:44:02; 164475755; 166341383; 137014183; 28.3
2025-05-27 08:44:03; 164477167; 166337449; 137014786; 28.29
2025-05-27 08:44:04; 164478681; 166342260; 137017089; 28.31
2025-05-27 08:44:05; 164483619; 166346380; 137024090; 28.3
2025-05-27 08:44:06; 164484077; 166344726; 137025522; 28.3
2025-05-27 08:44:07; 164483903; 166346345; 137025916; 28.29
2025-05-27 08:44:08; 164481425; 166351037; 137025024; 28.28
2025-05-27 08:44:09; 164480424; 166349818; 137023259; 28.28
2025-05-27 08:44:10; 164484163; 166352184; 137022382; 28.28
2025-05-27 08:44:11; 164480300; 166357824; 137023710; 28.27
2025-05-27 08:44:12; 164473581; 166347418; 137023082; 28.27
2025-05-27 08:44:13; 164472573; 166346271; 137018373; 28.24
2025-05-27 08:44:14; 164474873; 166343031; 137024687; 28.24
2025-05-27 08:44:15; 164471585; 166343348; 137027446; 28.24
2025-05-27 08:44:16; 164474706; 166346397; 137024847; 28.23
2025-05-27 08:44:17; 164472108; 166348686; 137026715; 28.22
2025-05-27 08:44:18; 164473728; 166345542; 137024376; 28.22
2025-05-27 08:44:19; 164470019; 166348011; 137022600; 28.23
2025-05-27 08:44:20; 164469652; 166340349; 137023774; 28.22
2025-05-27 08:44:21; 164473481; 166342313; 137023650; 28.21
2025-05-27 08:44:22; 164472470; 166348074; 137023113; 28.21
2025-05-27 08:44:23; 164474697; 166344779; 137026890; 28.21
2025-05-27 08:44:24; 164471553; 166337017; 137027320; 28.21
2025-05-27 08:44:25; 164472890; 166341744; 137024888; 28.2
2025-05-27 08:44:26; 164474520; 166337377; 137023436; 28.21
2025-05-27 08:44:27; 164477806; 166336816; 137026197; 28.21
2025-05-27 08:44:28; 164478872; 166342505; 137026907; 28.21
2025-05-27 08:44:29; 164475875; 166347891; 137024462; 28.23
2025-05-27 08:44:30; 164477356; 166346474; 137027775; 28.22
2025-05-27 08:44:31; 164476956; 166341653; 137027427; 28.21
2025-05-27 08:44:32; 164477893; 166335273; 137028328; 28.23
2025-05-27 08:44:33; 164478544; 166334513; 137027183; 28.23
2025-05-27 08:44:34; 164474052; 166336867; 137026160; 28.23
2025-05-27 08:44:35; 164471765; 166335021; 137027980; 28.23
2025-05-27 08:44:36; 164472140; 166333244; 137027638; 28.22
2025-05-27 08:44:37; 164472000; 166335796; 137026049; 28.23
2025-05-27 08:44:38; 164472900; 166336098; 137028388; 28.23
2025-05-27 08:44:39; 164470183; 166334610; 137026552; 28.22
2025-05-27 08:44:40; 164471761; 166333397; 137025792; 28.23
2025-05-27 08:44:41; 164472070; 166334037; 137025611; 28.23
2025-05-27 08:44:42; 164475503; 166334888; 137025908; 28.23
2025-05-27 08:44:43; 164476469; 166340359; 137027655; 28.23
2025-05-27 08:44:44; 164481788; 166335872; 137024927; 28.25
2025-05-27 08:44:45; 164474405; 166340609; 137022720; 28.24
2025-05-27 08:44:46; 164471796; 166336452; 137025770; 28.23
2025-05-27 08:44:47; 164476080; 166336562; 137022698; 28.24
2025-05-27 08:44:48; 164472871; 166340268; 137023391; 28.23
2025-05-27 08:44:49; 164474716; 166345541; 137023973; 28.24
2025-05-27 08:44:50; 164479056; 166344051; 137025629; 28.23
2025-05-27 08:44:51; 164485262; 166341353; 137025224; 28.25
2025-05-27 08:44:52; 164482211; 166339658; 137025403; 28.24
2025-05-27 08:44:53; 164488594; 166336316; 137024966; 28.24
2025-05-27 08:44:54; 164490117; 166342044; 137021211; 28.23
2025-05-27 08:44:55; 164488711; 166330524; 137024181; 28.23
2025-05-27 08:44:56; 164484301; 166336518; 137023284; 28.23
2025-05-27 08:44:57; 164487728; 166329970; 137027098; 28.24
2025-05-27 08:44:58; 164486028; 166332169; 137025173; 28.23
2025-05-27 08:44:59; 164481059; 166343361; 137022880; 28.23
2025-05-27 08:45:00; 164479225; 166339160; 137023856; 28.23
2025-05-27 08:45:01; 164474212; 166339915; 137025589; 28.22
2025-05-27 08:45:02; 164478571; 166342021; 137025215; 28.23
2025-05-27 08:45:03; 164471386; 166340187; 137027176; 28.23
2025-05-27 08:45:04; 164479148; 166339030; 137025698; 28.23
2025-05-27 08:45:05; 164473647; 166340081; 137028014; 28.21
2025-05-27 08:45:06; 164478087; 166339279; 137029169; 28.22
2025-05-27 08:45:07; 164475971; 166342649; 137029150; 28.2
2025-05-27 08:45:08; 164480359; 166336669; 137024440; 28.2
2025-05-27 08:45:09; 164479176; 166334375; 137026537; 28.2
2025-05-27 08:45:10; 164476818; 166344068; 137026539; 28.19
2025-05-27 08:45:11; 164476630; 166345391; 137024061; 28.19
2025-05-27 08:45:12; 164475638; 166342999; 137023129; 28.18
2025-05-27 08:45:13; 164473953; 166345446; 137021915; 28.18
2025-05-27 08:45:14; 164475371; 166346617; 137025854; 28.18
2025-05-27 08:45:15; 164477612; 166347632; 137027281; 28.19
2025-05-27 08:45:16; 164473856; 166335562; 137024954; 28.18
2025-05-27 08:45:17; 164473701; 166336885; 137025670; 28.19
2025-05-27 08:45:18; 164473807; 166335185; 137028392; 28.21
2025-05-27 08:45:19; 164470599; 166339030; 137027006; 28.21
2025-05-27 08:45:20; 164466303; 166340764; 137028925; 28.2
2025-05-27 08:45:21; 164465794; 166349386; 137026252; 28.2
2025-05-27 08:45:22; 164470373; 166349067; 137027101; 28.19
2025-05-27 08:45:23; 164476975; 166345899; 137031693; 28.18
2025-05-27 08:45:24; 164470129; 166346743; 137027746; 28.19
2025-05-27 08:45:25; 164468175; 166350765; 137026270; 28.2
2025-05-27 08:45:26; 164467820; 166348274; 137028204; 28.2
2025-05-27 08:45:27; 164471810; 166338173; 137029787; 28.2
2025-05-27 08:45:28; 164472907; 166345156; 137029052; 28.2
2025-05-27 08:45:29; 164474023; 166339370; 137028343; 28.2
2025-05-27 08:45:30; 164472714; 166334798; 137027253; 28.21
2025-05-27 08:45:31; 164470623; 166335291; 137026270; 28.21
2025-05-27 08:45:32; 164467176; 166336603; 137024281; 28.2
2025-05-27 08:45:33; 164466876; 166337841; 137027085; 28.21
2025-05-27 08:45:34; 164473364; 166330431; 137025872; 28.23
2025-05-27 08:45:35; 164473674; 166331462; 137023193; 28.23
2025-05-27 08:45:36; 164472201; 166327139; 137024484; 28.21
2025-05-27 08:45:37; 164474074; 166333894; 137024200; 28.22
2025-05-27 08:45:38; 164470392; 166337732; 137025694; 28.21
2025-05-27 08:45:39; 164468389; 166334924; 137027564; 28.23
2025-05-27 08:45:40; 164468135; 166335491; 137029079; 28.23
2025-05-27 08:45:41; 164460406; 166340596; 137026678; 28.23
2025-05-27 08:45:42; 164465005; 166342567; 137027555; 28.23
2025-05-27 08:45:43; 164463592; 166335800; 137023200; 28.22
2025-05-27 08:45:44; 164463666; 166334675; 137024444; 28.23
2025-05-27 08:45:45; 164460987; 166337324; 137025710; 28.23
2025-05-27 08:45:46; 164464723; 166334301; 137026246; 28.23
2025-05-27 08:45:47; 164464321; 166331046; 137024827; 28.22
2025-05-27 08:45:48; 164463400; 166338343; 137023994; 28.23
2025-05-27 08:45:49; 164460653; 166337814; 137026638; 28.21
2025-05-27 08:45:50; 164456266; 166335168; 137025450; 28.22
2025-05-27 08:45:51; 164458183; 166341315; 137025313; 28.21
